date,workflow,status,conclusion,duration_seconds,duration_minutes,commit,branch,run_number,run_id
2026-01-21 00:46:34,CI/CD Pipeline,completed,failure,51.0,0.85,9763255,master,2,21192883787
2026-01-21 00:51:39,CI/CD Pipeline,completed,failure,127.0,2.12,269f900,master,3,21192990080
2026-01-21 23:54:52,CI/CD Pipeline,completed,failure,135.0,2.25,72f0cc5,master,4,21230211581
2026-01-22 00:00:58,CI/CD Pipeline,completed,failure,247.0,4.12,2c2ab79,master,5,21230361185
2026-01-22 21:15:48,CI/CD Pipeline,completed,failure,217.0,3.62,1b87ad5,master,6,21265165850
2026-01-22 21:45:04,CI/CD Pipeline,completed,failure,448.0,7.47,54aa02c,master,7,21266001553
2026-01-23 15:55:58,CI/CD Pipeline,completed,failure,434.0,7.23,030d498,master,9,21292294031
2026-01-23 16:11:08,CI/CD Pipeline,completed,failure,532.0,8.87,5f4d778,master,10,21292766191
2026-01-23 17:18:22,CI/CD Pipeline,completed,failure,462.0,7.7,f9b4456,master,11,21294791260
2026-01-23 17:38:44,CI/CD Pipeline,completed,failure,441.0,7.35,24f027e,master,12,21295400580
2026-01-23 17:50:08,CI/CD Pipeline,completed,failure,466.0,7.77,39d0995,master,13,21295726661
2026-01-23 21:24:58,CI/CD Pipeline,completed,failure,141.0,2.35,505db6e,master,14,21301675298
2026-01-23 21:27:49,CI/CD Pipeline,completed,failure,129.0,2.15,049aba1,master,15,21301751979
2026-01-23 22:53:24,CI/CD Pipeline,completed,success,487.0,8.12,8491b35,master,17,21303866109
2026-01-23 23:07:33,CI/CD Pipeline,completed,success,630.0,10.5,63acaf7,master,18,21304178152
2026-01-23 23:33:23,CI/CD Pipeline,completed,failure,835.0,13.92,a0f1228,master,19,21304719342
2026-01-24 13:48:55,CI/CD Pipeline,completed,success,607.0,10.12,15caf27,master,20,21316096133
2026-01-24 14:22:05,CI/CD Pipeline,completed,success,614.0,10.23,1b0063c,master,21,21316503422
2026-01-24 14:24:23,CI/CD Pipeline,completed,success,663.0,11.05,064443a,master,22,21316531710
2026-01-24 19:27:17,CI/CD Pipeline,completed,success,653.0,10.88,e55f989,master,25,21320380733
2026-01-24 19:54:42,CI/CD Pipeline,completed,success,634.0,10.57,b60ca50,master,26,21320729629
2026-01-24 23:48:16,CI/CD Pipeline,completed,failure,508.0,8.47,ae41c62,master,27,21323588063
2026-01-25 00:02:17,CI/CD Pipeline,completed,success,576.0,9.6,88ad9ee,master,28,21323735051
2026-01-25 00:19:34,CI/CD Pipeline,completed,success,571.0,9.52,82a7920,master,29,21323948956
2026-01-25 20:03:36,CI/CD Pipeline,completed,failure,439.0,7.32,cf15132,master,30,21338709906
2026-01-25 20:13:30,CI/CD Pipeline,completed,success,574.0,9.57,f03e93a,master,31,21338847334
2026-01-25 20:31:13,CI/CD Pipeline,completed,success,543.0,9.05,8357906,master,32,21339083696
2026-01-26 19:26:18,CI/CD Pipeline,completed,failure,160.0,2.67,a6b66e8,master,33,21370971030
2026-01-26 19:31:34,CI/CD Pipeline,completed,success,577.0,9.62,1c36113,master,34,21371131175
2026-01-26 20:15:15,CI/CD Pipeline,completed,success,597.0,9.95,e4ca6cc,master,35,21372442924
2026-01-28 15:15:48,CI/CD Pipeline,completed,failure,165.0,2.75,207ab38,master,37,21443846608
2026-01-28 15:23:25,CI/CD Pipeline,completed,failure,351.0,5.85,4f25140,master,38,21444120227
2026-01-28 15:39:11,CI/CD Pipeline,completed,failure,461.0,7.68,945d674,master,39,21444704977
2026-01-28 15:53:43,CI/CD Pipeline,completed,failure,462.0,7.7,2b20d8c,master,40,21445246430
2026-01-28 16:02:47,CI/CD Pipeline,completed,failure,539.0,8.98,25c88e3,master,41,21445572681
2026-01-28 16:16:31,CI/CD Pipeline,completed,success,616.0,10.27,a9c9a10,master,42,21446082417
2026-01-28 22:38:07,CI/CD Pipeline,completed,success,626.0,10.43,38551d6,master,43,21458152359
2026-01-29 21:36:43,CI/CD Pipeline,completed,success,475.0,7.92,327a989,master,44,21495586984
2026-01-31 17:22:09,CI/CD Pipeline,completed,success,483.0,8.05,ea8fea7,master,45,21548079857
2026-01-31 19:01:10,CI/CD Pipeline,completed,success,476.0,7.93,afe7263,master,48,21549346427
2026-01-31 19:12:17,CI/CD Pipeline,completed,success,528.0,8.8,79425d1,master,49,21549496238
2026-01-31 20:29:46,CI/CD Pipeline,completed,success,518.0,8.63,4ed4262,master,50,21550464995
